{"cameraMode":{"drawMode":0,"name":"Shaded","section":"Shading Mode"},"sceneLighting":false,"audioPlay":false,"sceneViewState":{"showFog":false,"showMaterialUpdate":false,"showSkybox":false,"showFlares":false,"showImageEffects":false,"showParticleSystems":false},"in2DMode":false,"pivot":{"x":-1.003999948501587,"y":4.400000095367432,"z":0.0},"rotation":{"x":0.45323315262794497,"y":0.005348301026970148,"z":-0.0027194342110306026,"w":0.8913717865943909},"size":2.8578836917877199,"orthographic":false}