{"cameraMode":{"drawMode":0,"name":"Shaded","section":"Shading Mode"},"sceneLighting":false,"audioPlay":false,"sceneViewState":{"showFog":false,"showMaterialUpdate":false,"showSkybox":false,"showFlares":false,"showImageEffects":false,"showParticleSystems":false},"in2DMode":false,"pivot":{"x":-7.817943572998047,"y":15.330918312072754,"z":6.455694198608398},"rotation":{"x":0.20746713876724244,"y":0.10833115130662918,"z":-0.02312953770160675,"w":0.9719499945640564},"size":6.757885456085205,"orthographic":false}